variant,model,oof_roc_auc,oof_auprc,oof_brier,n,pos_rate
BIOMARKERS,RF,0.93,0.8928080256730953,0.1114693322362291,57,0.4385964912280701
CLINICAL,RF,0.6025,0.5796704034296996,0.2364641617905113,57,0.4385964912280701
FULL,RF,0.99875,0.9984615384615384,0.0777290526315789,57,0.4385964912280701
