{
  "target_col": "typ_zawalu",
  "task_labels_allowed": [
    "STEMI",
    "NSTEMI"
  ],
  "positive_label": "STEMI",
  "outer_splits": 5,
  "inner_splits": 5,
  "random_state": 42,
  "scoring": "roc_auc",
  "dca_thresholds": [
    0.01,
    0.02,
    0.03,
    0.04,
    0.05,
    0.060000000000000005,
    0.06999999999999999,
    0.08,
    0.09,
    0.09999999999999999,
    0.11,
    0.12,
    0.13,
    0.14,
    0.15000000000000002,
    0.16,
    0.17,
    0.18000000000000002,
    0.19,
    0.2,
    0.21000000000000002,
    0.22,
    0.23,
    0.24000000000000002,
    0.25,
    0.26,
    0.27,
    0.28,
    0.29000000000000004,
    0.3,
    0.31,
    0.32,
    0.33,
    0.34,
    0.35000000000000003,
    0.36000000000000004,
    0.37,
    0.38,
    0.39,
    0.4,
    0.41000000000000003,
    0.42000000000000004,
    0.43,
    0.44,
    0.45,
    0.46,
    0.47000000000000003,
    0.48000000000000004,
    0.49,
    0.5,
    0.51,
    0.52,
    0.53,
    0.54,
    0.55,
    0.56,
    0.5700000000000001,
    0.5800000000000001,
    0.59,
    0.6,
    0.61,
    0.62,
    0.63,
    0.64,
    0.65,
    0.66,
    0.67,
    0.68,
    0.6900000000000001,
    0.7000000000000001,
    0.7100000000000001,
    0.72,
    0.73,
    0.74,
    0.75,
    0.76,
    0.77,
    0.78,
    0.79,
    0.8,
    0.81,
    0.8200000000000001,
    0.8300000000000001,
    0.8400000000000001,
    0.85,
    0.86,
    0.87,
    0.88,
    0.89,
    0.9,
    0.91,
    0.92,
    0.93,
    0.9400000000000001,
    0.9500000000000001,
    0.9600000000000001,
    0.97,
    0.98,
    0.99
  ],
  "hard_exclude_patterns": [
    "(_|^)(max|maks|peak|szczyt|highest|top)(_|\\b|$)",
    "(^|_)data(_|$)|(^|_)date(_|$)|(^|_)czas(_|$)|timestamp",
    "wypis|follow|kontrol|rehosp|readmission|zgon|mort",
    "procedur|pci|cabg|stent|angiograf",
    "heparin|heparyn|trombol|statin|statyn|ticagrelor|prasugrel|clopidogrel|aspirin|\\basa\\b",
    "\\b(stemi|nstemi|\\bua\\b)\\b",
    "\\b(outcome|endpoint|label|target)\\b",
    "\\bzawal\\b"
  ],
  "drop_if_missing_gt": 0.95,
  "triage_auc_threshold": 0.98,
  "triage_min_nonmissing": 0.2,
  "triage_min_unique": 3,
  "drop_constant_features": true,
  "drop_near_constant_threshold": 0.995
}