variant,model,roc_auc_mean,roc_auc_sd,brier_mean,brier_sd,auprc_mean,auprc_sd
BIOMARKERS,RF,0.9495238095238095,0.05057492589467336,0.11071907774562975,0.03084266475432731,0.9339999999999999,0.07402702209328695
CLINICAL,RF,0.5942857142857143,0.11544059343335386,0.23660782198535416,0.00988828929867136,0.6164357864357864,0.1567404431293076
FULL,RF,0.9942857142857143,0.012777531299998751,0.07756423636363638,0.057060184978516795,0.9933333333333334,0.014907119849998662
