variant,model,auc_mean,auc_sd,mcc_mean,mcc_sd,use_rfe_effective,n_select_effective,label_type,perm_id
BIOMARKERS,LR_L1,0.85,0.08660254037844384,0.5356182887467515,0.31981896143421373,False,,true,-1
BIOMARKERS,LR_ELNET,0.85,0.15000000000000002,0.4586005015602218,0.26433848017976563,False,,true,-1
BIOMARKERS,SVM_REG,0.86,0.09617692030835673,0.5327188724235731,0.30147678800314964,False,,true,-1
BIOMARKERS,RF_SHALLOW,0.9,0.11726039399558573,0.5681138830084189,0.3254739158770954,False,,true,-1
