variant,model,auc_mean_true,auc_mean_perm_mean,auc_mean_perm_sd,auc_mean_perm_p95,auc_mean_perm_p99,auc_mean_p_value,auc_mean_n_perm_used,mcc_mean_true,mcc_mean_perm_mean,mcc_mean_perm_sd,mcc_mean_perm_p95,mcc_mean_perm_p99,mcc_mean_p_value,mcc_mean_n_perm_used
FULL,LR_ELNET,1.0,0.5005246031746032,0.10181742531705804,0.673968253968254,0.7083833333333333,0.0196078431372549,50,0.0,0.024355773157101013,0.14674084954328095,0.2908340388810379,0.390466945202262,0.5098039215686274,50
FULL,LR_L1,1.0,0.5030492063492062,0.09656278689366131,0.6871944444444444,0.7221777777777778,0.0196078431372549,50,0.96,0.019932626788518416,0.1626170331629869,0.31423587881302467,0.3880720785300103,0.0196078431372549,50
FULL,RF_SHALLOW,0.99,0.5027845238095238,0.10424019183184056,0.6648293650793649,0.7193,0.0196078431372549,50,0.8743416490252569,0.007481987315141607,0.11385367761553206,0.22959956185311478,0.28045711352618696,0.0196078431372549,50
FULL,SVM_REG,0.95,0.4882761904761905,0.11230499781341971,0.6814841269841269,0.7583555555555554,0.0196078431372549,50,0.7813594362117866,0.0034617406616157097,0.14241366269639052,0.207092309948865,0.40677706198533925,0.0196078431372549,50
