variant,model,auc_mean_true,auc_mean_perm_mean,auc_mean_perm_sd,auc_mean_perm_p95,auc_mean_perm_p99,auc_mean_p_value,auc_mean_n_perm_used,mcc_mean_true,mcc_mean_perm_mean,mcc_mean_perm_sd,mcc_mean_perm_p95,mcc_mean_perm_p99,mcc_mean_p_value,mcc_mean_n_perm_used
BIOMARKERS,LR_ELNET,0.85,0.516934126984127,0.10258518651646942,0.6727698412698413,0.7111333333333332,0.0196078431372549,50,0.4586005015602218,0.037323082686348596,0.1542829897725435,0.30256601831048235,0.3232693951064411,0.0196078431372549,50
BIOMARKERS,LR_L1,0.85,0.5157039682539684,0.1065168259992391,0.681111111111111,0.7274285714285713,0.0196078431372549,50,0.5356182887467515,0.04665168360520641,0.14397328387342523,0.311810462547891,0.3707878376157303,0.0196078431372549,50
BIOMARKERS,RF_SHALLOW,0.9,0.524054365079365,0.11279023523883085,0.6811785714285714,0.7430444444444443,0.0196078431372549,50,0.5681138830084189,0.018203179770358804,0.17074658536679882,0.28544049672110616,0.360375835346295,0.0196078431372549,50
BIOMARKERS,SVM_REG,0.86,0.5090043650793651,0.11453769827837146,0.6877777777777779,0.715311111111111,0.0196078431372549,50,0.5327188724235731,-0.004956240416352314,0.15276959213102498,0.25130044558494896,0.27483138641808535,0.0196078431372549,50
