variant,model,auc_mean,auc_sd,mcc_mean,mcc_sd,use_rfe_effective,n_select_effective,label_type,perm_id
CLINICAL,LR_L1,0.5200000000000001,0.12549900398011135,-0.024868329805051388,0.24718810188980372,False,,true,-1
CLINICAL,LR_ELNET,0.4800000000000001,0.10368220676663864,-0.03967049050833986,0.08761091468185793,False,,true,-1
CLINICAL,SVM_REG,0.6100000000000001,0.12942179105544785,0.11533424923428123,0.37312293949537617,False,,true,-1
CLINICAL,RF_SHALLOW,0.55,0.14577379737113252,0.05263200419923721,0.31363624999403605,False,,true,-1
