variant,model,auc_mean_true,auc_mean_perm_mean,auc_mean_perm_sd,auc_mean_perm_p95,auc_mean_perm_p99,auc_mean_p_value,auc_mean_n_perm_used,mcc_mean_true,mcc_mean_perm_mean,mcc_mean_perm_sd,mcc_mean_perm_p95,mcc_mean_perm_p99,mcc_mean_p_value,mcc_mean_n_perm_used
CLINICAL,LR_ELNET,0.4800000000000001,0.500234126984127,0.09993043052673914,0.6946428571428571,0.71895,0.49019607843137253,50,-0.03967049050833986,-0.00026139443555979106,0.16456939426703587,0.3086138977124543,0.4058103697758985,0.5490196078431373,50
CLINICAL,LR_L1,0.5200000000000001,0.5061309523809524,0.09241207001002201,0.6838611111111109,0.7058333333333333,0.3333333333333333,50,-0.024868329805051388,0.0034396089958003894,0.15830480953569492,0.2891472149737316,0.38520338597700005,0.5686274509803921,50
CLINICAL,RF_SHALLOW,0.55,0.4773821428571429,0.1271415640345109,0.6955873015873014,0.7422142857142857,0.29411764705882354,50,0.05263200419923721,-0.010815881619305372,0.14871112597054661,0.2535065926738323,0.3371722813680989,0.29411764705882354,50
CLINICAL,SVM_REG,0.6100000000000001,0.5039376984126984,0.11300439133442465,0.6748253968253967,0.7033063492063492,0.2549019607843137,50,0.11533424923428123,0.005671105047601825,0.14797635336423365,0.2611150605327269,0.3068780507347896,0.23529411764705882,50
